{
  "alpha": 1.0,
  "loss": [
    [
      1,
      1.4754892928656913
    ],
    [
      2,
      1.070515440702935
    ],
    [
      3,
      0.8940284577125015
    ],
    [
      4,
      0.7992648158407072
    ],
    [
      5,
      0.7400221659163047
    ],
    [
      6,
      0.6988303384945721
    ],
    [
      7,
      0.6711059651589304
    ],
    [
      8,
      0.6466030944937817
    ],
    [
      9,
      0.6290318270962917
    ],
    [
      10,
      0.612767829427318
    ]
  ],
  "fit_accuracy": [
    [
      1,
      0.0
    ],
    [
      2,
      0.0
    ],
    [
      3,
      0.0
    ],
    [
      4,
      0.0
    ],
    [
      5,
      0.0
    ],
    [
      6,
      0.0
    ],
    [
      7,
      0.0
    ],
    [
      8,
      0.0
    ],
    [
      9,
      0.0
    ],
    [
      10,
      0.0
    ]
  ],
  "eval_accuracy": [
    [
      1,
      0.6399833402748855
    ],
    [
      2,
      0.7113702623906706
    ],
    [
      3,
      0.726780508121616
    ],
    [
      4,
      0.7419408579758434
    ],
    [
      5,
      0.7518533944189921
    ],
    [
      6,
      0.7603498542274052
    ],
    [
      7,
      0.7665139525197834
    ],
    [
      8,
      0.7745106205747605
    ],
    [
      9,
      0.77542690545606
    ],
    [
      10,
      0.7847563515202
    ]
  ]
}