{
  "alpha": 10.0,
  "loss": [
    [
      1,
      1.4770977555786953
    ],
    [
      2,
      1.0691315202899696
    ],
    [
      3,
      0.8945612323726033
    ],
    [
      4,
      0.7991947874581997
    ],
    [
      5,
      0.7375870135812549
    ],
    [
      6,
      0.7004330484284207
    ],
    [
      7,
      0.676013115474156
    ],
    [
      8,
      0.6451079377280032
    ],
    [
      9,
      0.6271501345318687
    ],
    [
      10,
      0.6135844798844737
    ]
  ],
  "fit_accuracy": [
    [
      1,
      0.0
    ],
    [
      2,
      0.0
    ],
    [
      3,
      0.0
    ],
    [
      4,
      0.0
    ],
    [
      5,
      0.0
    ],
    [
      6,
      0.0
    ],
    [
      7,
      0.0
    ],
    [
      8,
      0.0
    ],
    [
      9,
      0.0
    ],
    [
      10,
      0.0
    ]
  ],
  "eval_accuracy": [
    [
      1,
      0.6134110787172011
    ],
    [
      2,
      0.7147855060391504
    ],
    [
      3,
      0.734027488546439
    ],
    [
      4,
      0.7439400249895877
    ],
    [
      5,
      0.7571845064556435
    ],
    [
      6,
      0.7608496459808414
    ],
    [
      7,
      0.7610162432319867
    ],
    [
      8,
      0.7725947521865889
    ],
    [
      9,
      0.7780091628488129
    ],
    [
      10,
      0.7833402748854644
    ]
  ]
}