{
  "alpha": 0.1,
  "loss": [
    [
      1,
      1.491748548854842
    ],
    [
      2,
      1.064731734725447
    ],
    [
      3,
      0.8829791812189715
    ],
    [
      4,
      0.788488867455649
    ],
    [
      5,
      0.7342964667322635
    ],
    [
      6,
      0.6932971232188637
    ],
    [
      7,
      0.666234587922984
    ],
    [
      8,
      0.6456841989191112
    ],
    [
      9,
      0.6249757166506598
    ],
    [
      10,
      0.6095388590321348
    ]
  ],
  "fit_accuracy": [
    [
      1,
      0.0
    ],
    [
      2,
      0.0
    ],
    [
      3,
      0.0
    ],
    [
      4,
      0.0
    ],
    [
      5,
      0.0
    ],
    [
      6,
      0.0
    ],
    [
      7,
      0.0
    ],
    [
      8,
      0.0
    ],
    [
      9,
      0.0
    ],
    [
      10,
      0.0
    ]
  ],
  "eval_accuracy": [
    [
      1,
      0.661057892544773
    ],
    [
      2,
      0.7110370678883798
    ],
    [
      3,
      0.7366930445647647
    ],
    [
      4,
      0.7535193669304456
    ],
    [
      5,
      0.7595168679716785
    ],
    [
      6,
      0.7690129112869638
    ],
    [
      7,
      0.7760932944606413
    ],
    [
      8,
      0.7789254477301124
    ],
    [
      9,
      0.7850895460224906
    ],
    [
      10,
      0.7886713869221158
    ]
  ]
}