{"losses_distributed": [[1, 1.4024431417207825], [2, 0.8825855317089966], [3, 0.7061514227502498], [4, 0.6498905559869073], [5, 0.6315159100286666], [6, 0.6012329828585252], [7, 0.5782908215318209], [8, 0.5647384528218087], [9, 0.5464091448052035], [10, 0.5506193005457762], [11, 0.5203086402082582], [12, 0.5042706331999189], [13, 0.4923112222076902], [14, 0.4915493971330332], [15, 0.4816778087184013], [16, 0.46615229170553785], [17, 0.4654596923664678], [18, 0.44716155413586317], [19, 0.446470500292355], [20, 0.44570086835970835], [21, 0.4500583987492216], [22, 0.4168164553219256], [23, 0.42167660245196315], [24, 0.4248855952395344], [25, 0.4107363066217493], [26, 0.4054269862095548], [27, 0.39625481197556967], [28, 0.3923467700777328], [29, 0.39927166305646855], [30, 0.3840285536697734]], "metrics_distributed_fit": {"accuracy": [[1, 52.31794978643609], [2, 73.23054484842172], [3, 77.4393165954787], [4, 79.49161370976144], [5, 80.72507552870091], [6, 81.56474632774247], [7, 82.41900197937285], [8, 82.9607250755287], [9, 83.58787373684758], [10, 83.99208250859465], [11, 84.45046358995728], [12, 84.87342431503282], [13, 85.20262527346598], [14, 85.51307427857068], [15, 85.81727263256589], [16, 86.12980518804042], [17, 86.46942389832275], [18, 86.73611834566101], [19, 86.92363787894573], [20, 87.21741848109178], [21, 87.4882800291697], [22, 87.68830086467341], [23, 87.81748098760288], [24, 88.0195853734764], [25, 88.18210230232316], [26, 88.30503177414315], [27, 88.5092197103865], [28, 88.64465048442545], [29, 88.80091676216273], [30, 88.80300031253256]]}, "metrics_distributed": {"accuracy": [[1, 63.65680966264057], [2, 67.28862973760933], [3, 74.46897126197418], [4, 75.80174927113703], [5, 76.25989171178675], [6, 77.01790920449812], [7, 78.28404831320283], [8, 78.44231570179092], [9, 78.60891295293628], [10, 78.65056226572261], [11, 80.0249895876718], [12, 80.7246980424823], [13, 81.84922948771346], [14, 81.23281965847563], [15, 81.24114952103291], [16, 82.38234069137859], [17, 82.33236151603498], [18, 83.25697625989172], [19, 83.14035818408996], [20, 83.27363598500625], [21, 82.44064972927947], [22, 85.25614327363598], [23, 84.43148688046647], [24, 83.99000416493128], [25, 84.87296959600167], [26, 85.07288629737609], [27, 85.91420241566014], [28, 85.85589337775927], [29, 85.21449396084965], [30, 86.26405664306539]]}}